<?xml version="1.0" encoding="UTF-8"?><?xml-stylesheet type='text/xsl' href='_UpgradeReport_Files/UpgradeReport.xslt'?><UpgradeLog>
<Properties><Property Name="Solution" Value="pictureBox控件">
</Property><Property Name="解决方案文件" Value="F:\教学\C# 程序设计\C#课件与案例\4. C# 窗体设计\pictureBox控件\pictureBox控件.sln">
</Property><Property Name="用户选项文件" Value="F:\教学\C# 程序设计\C#课件与案例\4. C# 窗体设计\pictureBox控件\pictureBox控件.suo">
</Property><Property Name="Date" Value="2017年10月8日">
</Property><Property Name="Time" Value="22:32">
</Property></Properties><Event ErrorLevel="0" Project="" Source="pictureBox控件.sln" Description="文件已成功备份为 F:\教学\C# 程序设计\C#课件与案例\4. C# 窗体设计\pictureBox控件\Backup\pictureBox控件.sln">
</Event><Event ErrorLevel="0" Project="" Source="pictureBox控件.suo" Description="文件已成功备份为 F:\教学\C# 程序设计\C#课件与案例\4. C# 窗体设计\pictureBox控件\Backup\pictureBox控件.suo">
</Event><Event ErrorLevel="0" Project="pictureBox控件" Source="pictureBox控件\pictureBox控件.csproj" Description="项目文件已成功备份为 F:\教学\C# 程序设计\C#课件与案例\4. C# 窗体设计\pictureBox控件\Backup\pictureBox控件\pictureBox控件.csproj">
</Event><Event ErrorLevel="0" Project="pictureBox控件" Source="pictureBox控件\Form1.cs" Description="文件已成功备份为 F:\教学\C# 程序设计\C#课件与案例\4. C# 窗体设计\pictureBox控件\Backup\pictureBox控件\Form1.cs">
</Event><Event ErrorLevel="0" Project="pictureBox控件" Source="pictureBox控件\Form1.Designer.cs" Description="文件已成功备份为 F:\教学\C# 程序设计\C#课件与案例\4. C# 窗体设计\pictureBox控件\Backup\pictureBox控件\Form1.Designer.cs">
</Event><Event ErrorLevel="0" Project="pictureBox控件" Source="pictureBox控件\Program.cs" Description="文件已成功备份为 F:\教学\C# 程序设计\C#课件与案例\4. C# 窗体设计\pictureBox控件\Backup\pictureBox控件\Program.cs">
</Event><Event ErrorLevel="0" Project="pictureBox控件" Source="pictureBox控件\Properties\AssemblyInfo.cs" Description="文件已成功备份为 F:\教学\C# 程序设计\C#课件与案例\4. C# 窗体设计\pictureBox控件\Backup\pictureBox控件\Properties\AssemblyInfo.cs">
</Event><Event ErrorLevel="0" Project="pictureBox控件" Source="pictureBox控件\Properties\Resources.Designer.cs" Description="文件已成功备份为 F:\教学\C# 程序设计\C#课件与案例\4. C# 窗体设计\pictureBox控件\Backup\pictureBox控件\Properties\Resources.Designer.cs">
</Event><Event ErrorLevel="0" Project="pictureBox控件" Source="pictureBox控件\Properties\Settings.Designer.cs" Description="文件已成功备份为 F:\教学\C# 程序设计\C#课件与案例\4. C# 窗体设计\pictureBox控件\Backup\pictureBox控件\Properties\Settings.Designer.cs">
</Event><Event ErrorLevel="0" Project="pictureBox控件" Source="pictureBox控件\Properties\Settings.settings" Description="文件已成功备份为 F:\教学\C# 程序设计\C#课件与案例\4. C# 窗体设计\pictureBox控件\Backup\pictureBox控件\Properties\Settings.settings">
</Event><Event ErrorLevel="0" Project="pictureBox控件" Source="pictureBox控件\Form1.resx" Description="文件已成功备份为 F:\教学\C# 程序设计\C#课件与案例\4. C# 窗体设计\pictureBox控件\Backup\pictureBox控件\Form1.resx">
</Event><Event ErrorLevel="0" Project="pictureBox控件" Source="pictureBox控件\Properties\Resources.resx" Description="文件已成功备份为 F:\教学\C# 程序设计\C#课件与案例\4. C# 窗体设计\pictureBox控件\Backup\pictureBox控件\Properties\Resources.resx">
</Event><Event ErrorLevel="0" Project="pictureBox控件" Source="pictureBox控件\pictureBox控件.csproj" Description="项目已成功转换">
</Event><Event ErrorLevel="3" Project="pictureBox控件" Source="pictureBox控件\pictureBox控件.csproj" Description="Converted">
</Event><Event ErrorLevel="0" Project="" Source="pictureBox控件.sln" Description="成功转换解决方案">
</Event><Event ErrorLevel="3" Project="" Source="pictureBox控件.sln" Description="Converted">
</Event><Event ErrorLevel="0" Project="pictureBox控件" Source="pictureBox控件\pictureBox控件.csproj" Description="扫描完成: 项目文件不需要升级。">
</Event></UpgradeLog>